94503,Napa
94508,Napa
94515,Napa
94558,Napa
94559,Napa
94562,Napa
94567,Napa
94573,Napa
94574,Napa
94576,Napa
94581,Napa
94599,Napa
94102,SF
94103,SF
94104,SF
94105,SF
94107,SF
94108,SF
94109,SF
94110,SF
94111,SF
94112,SF
94114,SF
94115,SF
94116,SF
94117,SF
94118,SF
94119,SF
94120,SF
94121,SF
94122,SF
94123,SF
94124,SF
94125,SF
94126,SF
94127,SF
94128,SF
94129,SF
94130,SF
94131,SF
94132,SF
94133,SF
94134,SF
94137,SF
94139,SF
94140,SF
94141,SF
94142,SF
94143,SF
94144,SF
94145,SF
94146,SF
94147,SF
94151,SF
94158,SF
94159,SF
94160,SF
94161,SF
94163,SF
94164,SF
94172,SF
94177,SF
94188,SF
94901,Marin
94903,Marin
94904,Marin
94912,Marin
94913,Marin
94914,Marin
94915,Marin
94920,Marin
94924,Marin
94925,Marin
94929,Marin
94930,Marin
94933,Marin
94937,Marin
94938,Marin
94939,Marin
94940,Marin
94941,Marin
94942,Marin
94945,Marin
94946,Marin
94947,Marin
94948,Marin
94949,Marin
94950,Marin
94956,Marin
94957,Marin
94960,Marin
94963,Marin
94964,Marin
94965,Marin
94966,Marin
94970,Marin
94971,Marin
94973,Marin
94974,Marin
94976,Marin
94977,Marin
94978,Marin
94979,Marin
94998,Marin
94922,Sonoma
94923,Sonoma
94926,Sonoma
94927,Sonoma
94928,Sonoma
94931,Sonoma
94951,Sonoma
94952,Sonoma
94953,Sonoma
94954,Sonoma
94955,Sonoma
94972,Sonoma
94975,Sonoma
94999,Sonoma
95401,Sonoma
95402,Sonoma
95403,Sonoma
95404,Sonoma
95405,Sonoma
95406,Sonoma
95407,Sonoma
95409,Sonoma
95412,Sonoma
95416,Sonoma
95419,Sonoma
95421,Sonoma
95425,Sonoma
95430,Sonoma
95431,Sonoma
95433,Sonoma
95436,Sonoma
95439,Sonoma
95441,Sonoma
95442,Sonoma
95444,Sonoma
95446,Sonoma
95448,Sonoma
95450,Sonoma
95452,Sonoma
95462,Sonoma
95465,Sonoma
95471,Sonoma
95472,Sonoma
95473,Sonoma
95476,Sonoma
95480,Sonoma
95486,Sonoma
95487,Sonoma
95492,Sonoma
95497,Sonoma
94505,Contra Costa
94506,Contra Costa
94507,Contra Costa
94509,Contra Costa
94511,Contra Costa
94513,Contra Costa
94514,Contra Costa
94516,Contra Costa
94517,Contra Costa
94518,Contra Costa
94519,Contra Costa
94520,Contra Costa
94521,Contra Costa
94522,Contra Costa
94523,Contra Costa
94524,Contra Costa
94525,Contra Costa
94526,Contra Costa
94527,Contra Costa
94528,Contra Costa
94529,Contra Costa
94530,Contra Costa
94531,Contra Costa
94547,Contra Costa
94548,Contra Costa
94549,Contra Costa
94553,Contra Costa
94556,Contra Costa
94561,Contra Costa
94563,Contra Costa
94564,Contra Costa
94565,Contra Costa
94569,Contra Costa
94570,Contra Costa
94572,Contra Costa
94575,Contra Costa
94582,Contra Costa
94583,Contra Costa
94595,Contra Costa
94596,Contra Costa
94597,Contra Costa
94598,Contra Costa
94801,Contra Costa
94802,Contra Costa
94803,Contra Costa
94804,Contra Costa
94805,Contra Costa
94806,Contra Costa
94807,Contra Costa
94808,Contra Costa
94820,Contra Costa
94850,Contra Costa
94501,Alameda
94502,Alameda
94536,Alameda
94537,Alameda
94538,Alameda
94539,Alameda
94540,Alameda
94541,Alameda
94542,Alameda
94543,Alameda
94544,Alameda
94545,Alameda
94546,Alameda
94550,Alameda
94551,Alameda
94552,Alameda
94555,Alameda
94557,Alameda
94560,Alameda
94566,Alameda
94568,Alameda
94577,Alameda
94578,Alameda
94579,Alameda
94580,Alameda
94586,Alameda
94587,Alameda
94588,Alameda
94601,Alameda
94602,Alameda
94603,Alameda
94604,Alameda
94605,Alameda
94606,Alameda
94607,Alameda
94608,Alameda
94609,Alameda
94610,Alameda
94611,Alameda
94612,Alameda
94613,Alameda
94614,Alameda
94615,Alameda
94617,Alameda
94618,Alameda
94619,Alameda
94620,Alameda
94621,Alameda
94622,Alameda
94623,Alameda
94624,Alameda
94649,Alameda
94659,Alameda
94660,Alameda
94661,Alameda
94662,Alameda
94666,Alameda
94701,Alameda
94702,Alameda
94703,Alameda
94704,Alameda
94705,Alameda
94706,Alameda
94707,Alameda
94708,Alameda
94709,Alameda
94710,Alameda
94712,Alameda
94720,Alameda
94002,San Mateo
94005,San Mateo
94010,San Mateo
94011,San Mateo
94014,San Mateo
94015,San Mateo
94016,San Mateo
94017,San Mateo
94018,San Mateo
94019,San Mateo
94020,San Mateo
94021,San Mateo
94025,San Mateo
94026,San Mateo
94027,San Mateo
94028,San Mateo
94030,San Mateo
94037,San Mateo
94038,San Mateo
94044,San Mateo
94060,San Mateo
94061,San Mateo
94062,San Mateo
94063,San Mateo
94064,San Mateo
94065,San Mateo
94066,San Mateo
94070,San Mateo
94074,San Mateo
94080,San Mateo
94083,San Mateo
94401,San Mateo
94402,San Mateo
94403,San Mateo
94404,San Mateo
94497,San Mateo
94510,Solano
94512,Solano
94533,Solano
94534,Solano
94535,Solano
94571,Solano
94585,Solano
94589,Solano
94590,Solano
94591,Solano
94592,Solano
95620,Solano
95625,Solano
95687,Solano
95688,Solano
95696,Solano
94022,Santa Clara
94023,Santa Clara
94024,Santa Clara
94035,Santa Clara
94039,Santa Clara
94040,Santa Clara
94041,Santa Clara
94042,Santa Clara
94043,Santa Clara
94085,Santa Clara
94086,Santa Clara
94087,Santa Clara
94088,Santa Clara
94089,Santa Clara
94301,Santa Clara
94302,Santa Clara
94303,Santa Clara
94304,Santa Clara
94305,Santa Clara
94306,Santa Clara
94309,Santa Clara
95002,Santa Clara
95008,Santa Clara
95009,Santa Clara
95011,Santa Clara
95013,Santa Clara
95014,Santa Clara
95015,Santa Clara
95020,Santa Clara
95021,Santa Clara
95026,Santa Clara
95030,Santa Clara
95031,Santa Clara
95032,Santa Clara
95035,Santa Clara
95036,Santa Clara
95037,Santa Clara
95038,Santa Clara
95042,Santa Clara
95044,Santa Clara
95046,Santa Clara
95050,Santa Clara
95051,Santa Clara
95052,Santa Clara
95053,Santa Clara
95054,Santa Clara
95055,Santa Clara
95056,Santa Clara
95070,Santa Clara
95071,Santa Clara
95101,Santa Clara
95103,Santa Clara
95106,Santa Clara
95108,Santa Clara
95109,Santa Clara
95110,Santa Clara
95111,Santa Clara
95112,Santa Clara
95113,Santa Clara
95115,Santa Clara
95116,Santa Clara
95117,Santa Clara
95118,Santa Clara
95119,Santa Clara
95120,Santa Clara
95121,Santa Clara
95122,Santa Clara
95123,Santa Clara
95124,Santa Clara
95125,Santa Clara
95126,Santa Clara
95127,Santa Clara
95128,Santa Clara
95129,Santa Clara
95130,Santa Clara
95131,Santa Clara
95132,Santa Clara
95133,Santa Clara
95134,Santa Clara
95135,Santa Clara
95136,Santa Clara
95138,Santa Clara
95139,Santa Clara
95140,Santa Clara
95141,Santa Clara
95148,Santa Clara
95150,Santa Clara
95151,Santa Clara
95152,Santa Clara
95153,Santa Clara
95154,Santa Clara
95155,Santa Clara
95156,Santa Clara
95157,Santa Clara
95158,Santa Clara
95159,Santa Clara
95160,Santa Clara
95161,Santa Clara
95164,Santa Clara
95170,Santa Clara
95172,Santa Clara
95173,Santa Clara
95190,Santa Clara
95191,Santa Clara
95192,Santa Clara
95193,Santa Clara
95194,Santa Clara
95196,Santa Clara